{"cameraMode":{"drawMode":0,"name":"Shaded","section":"Shading Mode"},"sceneLighting":true,"audioPlay":false,"sceneViewState":{"showFog":true,"showMaterialUpdate":false,"showSkybox":true,"showFlares":true,"showImageEffects":true,"showParticleSystems":true},"in2DMode":false,"pivot":{"x":-20.739656448364259,"y":6.6989593505859379,"z":-2.8510937690734865},"rotation":{"x":0.22539107501506806,"y":0.5056862235069275,"z":-0.13880953192710877,"w":0.8211042284965515},"size":5.724118232727051,"orthographic":false}